CustomerID,CustomerName,Email,Phone,City,Country,SignupDate
1,Samuel Perez,istone@baker.com,632.490.1980x812,Joelland,Ethiopia,2023-07-26
2,Stephanie Miller,lmcguire@yahoo.com,495-768-4647x160,Lake Isaiah,Anguilla,2023-05-27
3,Amber French,alexandersarah@kennedy.com,+1-738-014-9158,Port Michael,Burundi,2022-08-26
4,Mitchell Rodriguez,fosterjoy@baker.net,(645)126-5937,Michaelton,Wallis and Futuna,2023-06-14
5,Samantha Randolph,christine61@yahoo.com,(431)160-6045x4823,Charleshaven,Burundi,2023-02-14
6,Lauren Garcia,daniellarry@gmail.com,+1-369-525-9735,Port Christopher,Moldova,2024-01-24
7,Kerry Washington,john28@gmail.com,070-847-3532x33363,South Aaron,Solomon Islands,2024-06-02
8,Renee Delgado,sarah07@cummings-schultz.com,+1-338-206-9135,Perezside,Benin,2023-03-21
9,Mrs. Lisa Whitney,zacharysmith@lopez.com,052-445-7707x83004,Jamesberg,Tuvalu,2025-02-10
10,Mark Figueroa,tracy77@ferguson-washington.info,(252)801-5079,Evanberg,Brunei Darussalam,2024-12-22
11,Justin Perry,loweryjill@kim.com,559-775-5672x669,West Breannaview,Azerbaijan,2022-12-27
12,Paul Kelly,sandra48@carpenter.com,268-186-1043x4768,North Josephland,Rwanda,2024-05-02
13,Melissa Cherry,rowen@anderson.biz,543-132-3145x991,Kylehaven,Cook Islands,2025-03-18
14,Amanda Walker,brianrodriguez@brown.info,513.030.5511,East Kristinemouth,Switzerland,2023-01-06
15,Victoria Ferguson,amy01@hotmail.com,203.097.5784,West Abigail,Bhutan,2025-01-11
16,Gregory Gonzales,chenbruce@gmail.com,228-843-1610x69976,East Cathy,Isle of Man,2022-10-29
17,Loretta Guerra,danielle92@hotmail.com,001-828-374-1443x7769,Port Tracyberg,Taiwan,2024-06-02
18,Monica Martin,dwayne02@lewis-luna.com,001-664-457-9363x61380,Brianfurt,Tanzania,2024-06-27
19,Jeffrey Davies,webermegan@lewis.com,996.945.6289x63740,Port Leahland,New Caledonia,2024-12-31
20,Curtis Carter,jenningsamanda@smith-fitzpatrick.com,+1-559-810-4548x13392,Lake Trevorville,Kiribati,2024-09-16
21,Robert Thompson,robert51@wood.info,(098)006-2487,North Meganstad,Bouvet Island (Bouvetoya),2024-11-09
22,Jason Smith,jessicawatts@jones-hamilton.biz,+1-521-219-3567x79176,Lake Lindsay,Macedonia,2023-11-16
23,Carly Williams,jasonflores@randolph.info,+1-647-005-9756x3125,Port Eric,Pakistan,2025-03-06
24,Alexandra Ryan,lancemartin@avila.com,001-514-238-8029x7019,Port Elijahfurt,Moldova,2025-04-18
25,Derek Page,wtran@hotmail.com,039.703.5284,South Johnfort,Mayotte,2024-01-19
26,Juan Nunez,jallen@ayala-arnold.com,430.031.6047,Lake Jasmineland,Aruba,2025-03-02
27,Brandy Bell,james63@gmail.com,001-119-787-8994,Meganville,Guernsey,2024-12-14
28,Juan Dixon,jessica26@collins-howell.biz,(244)847-3055,Port Laura,Sweden,2024-06-15
29,Edgar Holden,todd07@hotmail.com,(490)869-0323x92815,Lake Edwardview,Korea,2023-07-12
30,Robert Elliott,jlong@gmail.com,(619)995-9373x630,Hernandeztown,Nauru,2022-08-01
31,Jamie Lee,sarah07@yahoo.com,2997856333,New Jasonfort,Finland,2025-06-09
32,Cindy Clark,osmith@smith-hayden.com,452.527.2172,Lake Carol,Singapore,2023-07-18
33,Sally Stewart,sean98@sanchez.org,(978)364-2535,Hudsonville,Syrian Arab Republic,2024-08-28
34,Katelyn Pearson,wujonathan@yahoo.com,+1-117-021-9732x985,Lake Christopherborough,Singapore,2024-04-23
35,Elaine Rice,billyortega@jones.com,+1-540-420-3501,West Rebekah,Taiwan,2022-08-16
36,Taylor Hernandez,laurie14@gmail.com,(009)450-2126x615,Haysside,Tokelau,2025-03-21
37,Jennifer Lutz,nielsenjennifer@hotmail.com,598.268.3767x179,Port Alicia,Spain,2024-03-30
38,Charles Boyd,matthew84@hotmail.com,001-050-613-6742x697,Luisview,Libyan Arab Jamahiriya,2023-08-17
39,William Jones,gtaylor@wilkinson.com,+1-445-884-5708,Tristanstad,Qatar,2023-11-08
40,David Clarke,millerjordan@yahoo.com,(976)360-3032,Barryview,Seychelles,2024-02-10
41,Marissa Harris,ftucker@hotmail.com,+1-667-787-0419x269,Martinton,Finland,2024-06-11
42,Mary Miller,esteszachary@wright.com,001-606-531-1720,Douglasview,Sierra Leone,2023-11-28
43,Seth Rosario,jonathon54@parker.net,121.925.0822,South Michaelfurt,Namibia,2024-06-11
44,Mallory Cortez,carolyn65@yahoo.com,+1-482-097-1397x140,New Julieview,Gabon,2024-02-18
45,Leslie Davis,herbertewing@mason.com,(570)907-5876x1244,East Robertfurt,American Samoa,2024-05-22
46,Jeffrey Rogers,iwilliams@martin.com,581.432.2580,Jenniferview,Malaysia,2024-06-18
47,Laura Larson,sandersadam@hotmail.com,(020)376-9491,Lake Brian,Cape Verde,2024-12-08
48,Ryan Marsh,yross@gmail.com,001-107-191-9629,Nuneztown,New Zealand,2025-03-20
49,Cindy Wagner,wandabryan@hotmail.com,(775)678-7502x856,Danielshire,Saint Pierre and Miquelon,2023-02-09
50,Sarah Howard,wdavis@miller-thomas.info,414-651-2466x62131,Bradleybury,Saint Vincent and the Grenadines,2025-03-15
51,Doris Tucker,ogregory@walters.com,+1-200-218-5741x5981,East Jennifer,Burkina Faso,2023-10-07
52,Erica Wu,aturner@crawford-sanford.biz,267.655.7985,South Paul,Netherlands Antilles,2024-07-23
53,Melanie Harris,bentonamanda@johnson-james.com,690.403.3772x2062,East Kevinmouth,Italy,2024-07-08
54,Andrew Abbott,douglas63@hotmail.com,+1-169-062-8185x677,Johnsonmouth,Marshall Islands,2025-04-26
55,Reginald Willis,shane12@gonzalez.biz,846-749-1176x266,Bookerview,Mauritania,2025-04-23
56,Bruce Rivera,andersonmelinda@gmail.com,968-828-7369,Troyland,Lao People's Democratic Republic,2022-09-13
57,Allen Olson,myerschristian@gmail.com,556.375.0350,Robertfurt,Saint Pierre and Miquelon,2025-02-12
58,Brandon Anderson,brandon28@yahoo.com,+1-828-089-9819x780,Holmeston,Jamaica,2023-10-27
59,Darren White,mcculloughmelissa@gmail.com,193.266.7865x392,East Nicholaston,Cote d'Ivoire,2023-11-08
60,Denise Hart,john97@hotmail.com,813.066.8689,West Robertville,Bhutan,2023-04-13
61,Cameron White,andrew32@miller.com,6279490204,West Laura,Liberia,2024-01-09
62,Margaret Steele DDS,phillipssherri@gmail.com,+1-154-262-0630,Kevinville,Uzbekistan,2024-09-22
63,Jason Roy,cbaker@hotmail.com,(723)626-7038x869,Lake Kristin,Saint Pierre and Miquelon,2024-12-16
64,John Morales,heatherwright@hotmail.com,001-854-376-6223x15676,Fostermouth,Cyprus,2023-06-16
65,Amber Cabrera,raygarrett@gmail.com,696-015-5955x177,North Karen,Syrian Arab Republic,2024-11-30
66,Lance Cohen,georgeblack@cannon-lewis.com,(724)310-7024x8226,East Jacob,Guinea-Bissau,2023-03-01
67,Beth Brown,ihill@gmail.com,+1-682-900-2515x1901,Lake Brandonton,Mozambique,2025-05-05
68,Emily Calderon,jessegarza@hotmail.com,025-432-3993,Jonathanside,Marshall Islands,2023-05-27
69,Luis Jordan,gutierrezlawrence@hotmail.com,001-612-150-9252x18033,Timothyhaven,Mali,2023-08-03
70,Mr. Jerry Kim,fisheranthony@hotmail.com,001-659-844-0671x995,North Jane,Zimbabwe,2023-07-14
71,Stephen Clark,christopher96@holloway.info,008.420.6382x5422,Barnesberg,Bahamas,2025-02-01
72,Andrea Campos,lisa49@morris.info,011-886-9059,South Bradley,Chad,2023-01-01
73,Wendy Cunningham,dporter@yahoo.com,+1-297-104-7737x562,Hayleyhaven,Mexico,2023-12-13
74,Joshua Arnold,lauren58@gmail.com,001-372-618-8472x80150,West Christopher,Finland,2023-12-26
75,Christopher Barron MD,jbush@gmail.com,9653644261,East Donnatown,Azerbaijan,2023-03-05
76,Danielle Fox,rbrooks@gmail.com,001-401-333-2224x5224,Ryanmouth,Spain,2022-09-24
77,Nicholas Acevedo,danielsmichael@gmail.com,+1-960-312-1389x5378,North Christine,Russian Federation,2025-03-27
78,Hannah Little,pattersonmolly@rivera.com,(260)834-7109x105,West Joy,Svalbard & Jan Mayen Islands,2025-02-25
79,Jamie Lopez,richardwatkins@yahoo.com,+1-866-804-8292x76207,Kristyland,Pitcairn Islands,2022-10-01
80,Jennifer Alvarado,lewisbrandon@johnson.com,613-586-7349x3058,Jonesville,Kuwait,2025-03-24
81,Susan James MD,david70@hotmail.com,919-668-1039x4908,Ramirezton,Guernsey,2025-03-24
82,Maureen Hayes,zsullivan@pena.biz,580.865.8289,North Adrienne,Maldives,2023-07-09
83,Steve Nguyen,jason43@boyd-bishop.info,(564)555-0329x0567,New Meganside,French Polynesia,2025-02-12
84,Jennifer Burke,along@gmail.com,556.493.1557x5429,Port Melissa,Chad,2022-09-25
85,Ralph Russell,petersonkelly@hotmail.com,+1-288-584-3411x6159,Cherylside,Lithuania,2023-05-28
86,Raven Torres,sarah11@hotmail.com,680-855-7829,Hannatown,Iraq,2023-06-01
87,Amy Barnes,ataylor@gmail.com,001-346-952-6920x7880,Port Haleyburgh,Estonia,2024-05-29
88,James Benson,wdixon@warner.net,694-390-6434x451,Loganview,Afghanistan,2024-06-03
89,Joseph Kelly,emilylawson@gmail.com,292-639-8171,Lake Frank,Angola,2023-08-10
90,Anna Mendoza,elizabeth45@hotmail.com,412.522.7905x31587,New Isaiah,Iceland,2024-05-21
91,George Young,conniesingh@walker.biz,001-828-684-3582x994,New Heathertown,Albania,2024-08-07
92,Angelica Hahn,nbrown@johnson.com,001-153-508-2491x102,Lake Williammouth,Kazakhstan,2023-01-25
93,Stephen Perry,warmstrong@yahoo.com,001-908-040-9352x251,West Markview,Tunisia,2022-09-29
94,Catherine Gutierrez,powelldavid@jones.com,(524)592-4743x378,West Samuel,Martinique,2023-04-24
95,Michael Mcmillan,rmartinez@knapp-stevenson.com,954.350.6778x66639,Whitneyshire,Pakistan,2024-10-21
96,Mr. Ronnie Brewer,shannonmatthews@hotmail.com,9206725626,North Jason,Kyrgyz Republic,2023-05-24
97,Tina Parrish,wschmidt@yahoo.com,680-229-7063x0950,South Omarview,Guyana,2023-06-06
98,Justin Leon,jason85@yahoo.com,177.281.5075,Patriciafurt,Afghanistan,2024-01-29
99,Thomas Trujillo,mholmes@hotmail.com,+1-317-698-7722x3491,West Michael,Uganda,2024-12-04
100,James Valencia,daniel30@bush-smith.org,+1-991-010-2393x696,Judithview,Philippines,2023-07-25
101,Scott Barry,lwatts@bernard-coleman.com,+1-592-572-6181,Lake William,Tuvalu,2022-12-28
102,Marisa Price,kevinparker@mccarty-cantrell.info,869.355.1395x718,New Julie,Guernsey,2025-02-09
103,Christina Holmes,michael51@gutierrez-steele.com,798-743-3221,Port David,Seychelles,2023-05-04
104,Dean Green,ikeller@yahoo.com,258.174.3199x0992,West Richard,Bhutan,2023-03-08
105,Denise Smith,daviskimberly@white-le.com,(527)054-0314,Port Jordanport,Colombia,2024-02-07
106,Emily Washington,jessicalyons@mathis-walker.com,155-006-9651x996,Lopezberg,Montserrat,2023-02-19
107,Micheal Lopez,megandyer@washington-brown.com,001-094-162-2714x5556,East Lindsay,Turkey,2024-02-15
108,Daniel Pitts,shanerobertson@stewart-romero.net,177-848-6302,South Geoffrey,Australia,2024-10-07
109,Corey Rodriguez MD,masseydwayne@gilmore-garcia.com,001-426-910-9769x020,East Denise,Tuvalu,2024-09-02
110,Jonathan Parks,whitakerkenneth@yahoo.com,001-731-575-6250x761,South Susan,Zimbabwe,2024-02-22
111,Christian Mccarthy,leonardkelly@roberts.com,436.192.9257,Williammouth,Greece,2024-09-12
112,David Gates,angelajenkins@mckenzie.com,(473)057-5532x814,West Robert,Turkmenistan,2025-05-01
113,Brooke Jackson,yangpamela@hotmail.com,001-399-582-6000,North Richard,Algeria,2024-01-14
114,Lauren Lloyd,cheryljohnson@trevino.com,555-167-4894x021,New Jeffreymouth,Switzerland,2025-02-07
115,Alexis Weaver,michelle37@gmail.com,257.772.8374x735,Tammyhaven,Dominica,2023-10-09
116,Mr. Carlos Park MD,thomastami@foley.com,001-542-523-3672x054,North Zachary,Libyan Arab Jamahiriya,2023-05-01
117,Holly Mccall,huntsandra@adams.com,001-971-039-6610x10223,North Kathryn,Korea,2024-07-09
118,Amy Macias,dixoncynthia@short-wilson.com,(888)231-0263,Markton,Suriname,2024-07-28
119,Kelly Wall,adampitts@castro.info,001-928-200-1624x2195,Mcdanielchester,Haiti,2023-02-27
120,Jason Adams,bobby18@gmail.com,(339)954-1879,West Cameron,Swaziland,2024-12-25
121,Thomas Serrano,andersonluke@jackson.net,(904)945-2374x224,Haleyside,Germany,2023-01-08
122,Andrew Stewart,obenitez@oneal-henry.com,+1-757-022-4774x18630,South Roy,Armenia,2023-02-23
123,Michael Rose,andrea57@gmail.com,+1-688-318-3607x83873,Lake John,Philippines,2025-01-25
124,Jessica Summers,unorris@hotmail.com,217.697.4821x2891,New Lisafort,United Kingdom,2023-12-14
125,Aaron Jones,kari18@garza.com,9595974785,Spencerhaven,Nigeria,2024-07-27
126,Marc Stephens,steinmary@hotmail.com,069.703.8373,Jenniferburgh,Dominica,2024-05-25
127,Bradley Wilson,bryceelliott@hotmail.com,(623)984-4454x9980,North Cassandraville,Uganda,2023-09-28
128,Shelby Smith,zfoster@gmail.com,515-160-9010x14229,East Lindsayberg,Latvia,2024-12-16
129,Heather Ballard,connor67@hotmail.com,0523942747,East Patrickchester,Somalia,2025-03-02
130,Ms. Stacy Daniels MD,brandon96@hotmail.com,2883025640,North Patricia,Fiji,2025-01-05
131,Lindsey Jones MD,christian76@rangel.info,935-047-4275,Mitchellfort,El Salvador,2024-05-14
132,Jonathan Calhoun,william73@gmail.com,504-243-4134x388,New Jon,Dominica,2023-07-31
133,Heather Tucker,josephreed@gmail.com,548.021.2727x776,Johnsonland,Burundi,2023-01-24
134,Charles Ramirez,haleyolivia@gmail.com,001-281-471-3675x62371,East Annetteville,United States of America,2024-07-23
135,Rebecca Johnson,kevin03@hotmail.com,565.086.0775,Lindatown,Rwanda,2024-02-08
136,Jeremy Goodman,burtonsylvia@phillips.net,8751849373,Samanthaview,Lesotho,2023-07-06
137,Karl Sawyer,rogersjennifer@peterson.org,329-914-5763x372,Davidstad,Bahrain,2023-10-19
138,Kimberly Wilson,josephkelly@jones.com,443.033.8945,East Andrew,Algeria,2025-03-09
139,Edwin Hoover,elizabethrichardson@yahoo.com,304-691-7286x885,New Markmouth,New Zealand,2024-06-19
140,Kelly Sanders,hugheskathleen@gmail.com,871.981.4977,South Sharon,Paraguay,2023-01-14
141,Kimberly Buchanan,ygordon@gmail.com,346.338.6524,Richardland,Georgia,2022-08-14
142,Jordan Ramirez,amymedina@yahoo.com,590.885.0616,North Wayneland,Aruba,2023-07-22
143,Diane Evans,bsmith@yahoo.com,(794)602-4508,South Jonathan,Zambia,2024-04-27
144,Dr. Jennifer Hardy,williamsdouglas@yahoo.com,8085972697,Zhangport,Armenia,2025-03-29
145,Kendra Reed,ariasadam@hotmail.com,(440)098-4900x6188,Johnview,Russian Federation,2024-10-21
146,Samuel Jordan,williamjones@yahoo.com,(260)906-4152x01601,Lake Miguelmouth,Greece,2023-04-26
147,Scott Townsend,yturner@woods.com,802.357.3896x693,Jacquelinestad,Bolivia,2023-04-27
148,Thomas Shields,ymurray@gmail.com,(256)254-5090x88715,Collierport,Poland,2023-02-05
149,Elizabeth Acosta,stephanie85@wilcox-porter.info,(940)494-6598x12929,Beckerfort,Pakistan,2023-10-13
150,Morgan Woods,haroldbarton@hotmail.com,001-832-204-5179x8599,New Shannonberg,Monaco,2025-07-02
151,Eric Wilson,william90@yahoo.com,669.010.6692x794,West Shannonland,Tanzania,2023-06-05
152,Charles Wood,kelly60@riley.info,+1-574-791-3389x821,Lamberttown,Georgia,2022-08-31
153,Robert Webb,cassandrarios@jordan.com,740.127.5136x76272,Edwardschester,Falkland Islands (Malvinas),2024-07-17
154,Ms. Joyce Mckinney MD,kristinsmith@yahoo.com,(290)982-2119x9862,Thomasfort,Solomon Islands,2024-11-16
155,Jacob Craig,ckelley@yahoo.com,8610426103,Davistown,Belize,2024-09-21
156,Melissa Smith,david03@jones.org,826-760-8303x47491,Port Carolynburgh,Tokelau,2024-02-02
157,Julia Brown,moniqueholmes@mcdonald-terry.com,147.094.2436,Hoffmanview,Aruba,2024-10-26
158,Michael Michael,sanchezamanda@hoffman.com,001-561-552-5392x18327,New John,Trinidad and Tobago,2022-11-07
159,Karen Hammond,erika79@campos.com,001-471-851-9478x42858,Fieldsbury,Canada,2024-03-21
160,Courtney Mitchell,aguirresteven@gmail.com,(845)172-6718x4681,Hannabury,United States of America,2024-11-22
161,Christopher Hall,chaveztodd@tran.biz,098.482.7720x01964,Port Tammyfort,Faroe Islands,2023-09-29
162,Karen Bradford,qstrong@robinson-willis.net,(637)460-0837,Patriciaton,Colombia,2024-06-03
163,Erin Ho,andrewsmall@orr.com,(299)568-0847,Wolfeberg,Qatar,2023-01-25
164,Corey Gomez,murphyian@hotmail.com,+1-382-471-8400x284,Lake Alicia,Mauritania,2022-10-11
165,Deborah Edwards,millerclifford@yahoo.com,+1-061-774-8578,New Kimberlyburgh,Myanmar,2024-10-24
166,Dennis Donovan,ktate@yahoo.com,2366273317,Port Leonard,Djibouti,2024-12-29
167,Jennifer Mccormick,elizabeth82@joseph-cook.net,001-677-436-1867x298,Nguyenmouth,Belize,2024-03-13
168,Dorothy Anderson,carrolljessica@hotmail.com,083.025.9085x17746,Webbborough,Malta,2022-08-06
169,Jennifer Bray,toddscott@yahoo.com,+1-352-170-3457x037,Christianshire,Korea,2025-03-08
170,Amanda Horn,jodyharris@olson-ramirez.com,001-955-929-4059,Walkermouth,Isle of Man,2023-05-16
171,Andrew Pennington,bradleybond@yahoo.com,739.130.4169,Solomonmouth,Uruguay,2023-08-23
172,Kevin Dawson,jordanshelly@yahoo.com,(973)284-4241x7602,Rogerschester,Rwanda,2022-12-09
173,Janet Petty,jonphillips@yahoo.com,+1-970-512-1018,Amandaton,Haiti,2022-09-26
174,Michele Wright,nelsonkathryn@yahoo.com,013-881-7690x95858,West Carriehaven,Mongolia,2024-04-26
175,Summer Moran,gwelch@gmail.com,312-876-0082x70187,Lake Wendy,New Zealand,2024-04-16
176,Amanda Walker,crosbymichael@yahoo.com,056-923-5476x775,Wilkinsonbury,Greece,2023-10-28
177,Samuel Lambert,laura15@gmail.com,001-551-269-0973x837,Alvarezburgh,Croatia,2023-12-18
178,Amanda Bishop,alvarezashley@yahoo.com,(401)450-0404,Leviport,United States Virgin Islands,2023-03-29
179,Bobby Copeland,smithbrittney@braun.com,001-129-755-4251x27595,Simsshire,Namibia,2024-04-27
180,Tanya Butler,yparker@knight.biz,5521952904,South Rodneyberg,South Africa,2025-07-03
181,Amanda Oliver,michaelmartin@moon.com,646.522.3351,Lake Jacqueline,San Marino,2024-12-05
182,Kristina Ruiz,autumnthomas@sharp.com,001-179-473-9579,East Brian,Slovenia,2024-03-20
183,Carla Moore,raymond26@thompson-key.com,(955)487-5236x3789,Jenniferport,Iceland,2023-12-15
184,Jessica Miller,smithjessica@hotmail.com,145-488-6289x9456,Hartmanside,Bhutan,2023-12-28
185,Krista Horton,thomas28@yahoo.com,052.356.7722,West Michellefort,Botswana,2025-05-05
186,Amanda Burton,joelpetersen@stewart.com,001-152-775-0849x005,Crystalhaven,Turkmenistan,2022-11-13
187,Rebecca Bond,velasquezdenise@williams-jones.net,+1-990-673-1636x5563,South Meghanville,Liechtenstein,2023-05-18
188,Austin Ochoa,xcasey@hotmail.com,846.040.0813,Murphymouth,Morocco,2025-03-28
189,Stephanie Newman,nlewis@barrett-frank.org,001-638-703-1267,South Julieport,Timor-Leste,2023-06-24
190,Traci Camacho,nlopez@collins-ferguson.info,488.704.8229x854,East Shari,Sao Tome and Principe,2023-01-15
191,Mark Miller,larsennicole@lozano-spears.biz,805-318-0321,South Ashleyville,Bhutan,2024-03-04
192,Sarah Neal,priscillamay@yahoo.com,001-515-717-6615x2384,Cassiefurt,Senegal,2025-03-18
193,Sean Curry,justinhill@wright.org,185-854-7455,Lake Terrence,Algeria,2023-03-28
194,Brian Allen,kathleenrodriguez@gomez.com,(125)147-7711x51322,Morganborough,Cape Verde,2023-06-08
195,Shaun Mays,ttaylor@yahoo.com,001-740-519-0286,Haroldside,Samoa,2023-01-23
196,Melissa Elliott,andrewromero@yahoo.com,001-334-748-7591x93321,Port Mary,Guadeloupe,2024-05-04
197,Lauren Jones,brentwest@martin.com,+1-392-990-6455x47618,Kevinburgh,Saint Barthelemy,2025-01-13
198,Katelyn Jones,knoxtommy@davidson.com,+1-105-111-1159x10593,Port Corey,Antigua and Barbuda,2022-11-02
199,Richard Morgan,meghan01@hotmail.com,951-860-4048,East Jamesport,Brunei Darussalam,2023-12-16
200,John Dunlap,sloanelizabeth@yahoo.com,+1-870-059-1421x0702,Montgomeryberg,Papua New Guinea,2022-10-04
201,Alisha Baldwin,robert28@thompson.com,(796)529-6088x16179,North Thomaschester,Mongolia,2024-06-12
202,Benjamin Smith,wnelson@hotmail.com,951.153.5260,Thomasville,Venezuela,2022-08-12
203,Leslie Mata,lwebb@hotmail.com,844-602-3773x6270,New Scott,Puerto Rico,2023-12-17
204,Christina Nelson,carolynwallace@lee-carney.com,132.124.7802x12875,West Tonya,Czech Republic,2024-07-08
205,Deborah Campbell,michellebanks@chapman.com,001-443-925-9345,Lake Lauraton,Turks and Caicos Islands,2024-12-18
206,James Chandler,alexandra28@lynch.com,032.773.3516x09677,West Darleneburgh,Guadeloupe,2023-02-17
207,Amanda Chandler,michelle50@hernandez-silva.com,153-701-6759,New Carol,San Marino,2024-06-27
208,Darlene Boyd,lopezanthony@yahoo.com,006.986.1559x3745,East Johnnyport,China,2023-05-28
209,Anthony Hanson,washingtonsherri@gmail.com,+1-093-698-9396,North Jessica,Saint Martin,2023-08-30
210,Russell Hawkins,dillonjoshua@brown.com,336.875.6989,West Joseph,Bahrain,2022-08-13
211,April Stevenson,danielwheeler@hughes.com,001-048-602-3457x2701,East Jonathan,Spain,2023-09-28
212,Scott Bailey,david18@mack.biz,+1-780-063-4783x84518,North Christineland,Egypt,2022-10-28
213,Mark Coleman,david84@clark.org,(310)081-2603,Erikmouth,Kyrgyz Republic,2022-12-25
214,Richard Mora,iclark@hotmail.com,+1-885-236-6688x583,Lake Jessicaville,Estonia,2025-01-13
215,Sharon Randall,flopez@collins.net,069-661-2941x872,Ashleyhaven,Mali,2023-03-03
216,William Love,vancerhonda@park.com,001-926-236-4376x6101,Lake Nicolechester,Bermuda,2024-01-30
217,Tyler Hanna,ballmichelle@hotmail.com,(590)201-1140x7330,Onealfort,United States Virgin Islands,2023-08-09
218,Mark Davis,marissarogers@johnson-hudson.com,(889)530-6093x300,Brownberg,Cook Islands,2024-09-22
219,Brandon Johnson,david15@yahoo.com,001-781-062-5052x2768,North Tracyborough,Dominica,2022-10-24
220,Adam Wall,ssmall@yahoo.com,+1-357-538-0328x54762,Harrisville,Western Sahara,2023-03-14
221,Joseph Mcdonald,tracybrown@hotmail.com,103.055.8599x55226,West Stanleyside,Singapore,2025-02-22
222,Robin Gray,richardhood@trujillo.net,094.108.6222x19866,Margaretmouth,Central African Republic,2024-04-02
223,Michael Frank,emilysims@rich.com,3971683762,Garciafurt,Togo,2025-04-17
224,Frank Brooks,vscott@brown.com,+1-428-590-1936x86271,Petersmouth,Mexico,2023-08-15
225,Gary Romero,megangonzales@bell.com,625-932-8985,Oconnellborough,Swaziland,2022-07-14
226,Tara Barr,zanderson@hotmail.com,+1-611-338-1784x23003,Lynchbury,Russian Federation,2023-12-05
227,Jennifer Jones,troth@mitchell.com,(918)122-1536x66927,Daniellemouth,Nepal,2024-11-10
228,John Anderson,jesusthomas@crosby.info,(355)426-6162x529,Andrewland,Bulgaria,2024-03-22
229,Brent Snyder,mrice@mcgrath.net,492.937.3450x89642,Port Gwendolynchester,Norfolk Island,2025-02-14
230,Anthony Hudson,donnavasquez@yahoo.com,642-380-9800,Guzmanborough,Bermuda,2023-07-16
231,Lisa Chambers,kayla47@walton.com,001-698-757-8268x525,South Stevenville,Norway,2024-06-19
232,Andre Duke,uvaughan@park.info,437-578-4883,Port Mitchellmouth,Bangladesh,2025-03-10
233,Kristin Love,clarkbrandon@walsh-stewart.biz,(082)854-9076x326,South Samuel,El Salvador,2024-10-04
234,Stacey Santana,beckkatie@green.com,001-570-989-2969x95088,North Teresabury,Luxembourg,2025-03-11
235,Stacy Parrish,jeffreywilliams@gmail.com,669-311-8804x98351,East Lisa,Fiji,2024-06-11
236,Jeffrey Lewis,salazarheather@delgado.biz,377-634-8599x8412,Donaldshire,Kuwait,2024-01-27
237,Laura Walters,hessangela@gmail.com,874.453.6483,North Timothy,Indonesia,2024-02-24
238,Mark Gill,wsanders@gmail.com,(574)541-9378x4424,Lake Michelle,Ireland,2024-06-13
239,John Norton,davidfranklin@yahoo.com,001-975-322-9300,New Francisco,Paraguay,2024-07-16
240,Rhonda Ramirez,afloyd@yahoo.com,8031729916,Baxterchester,Japan,2023-04-07
241,Timothy Simpson,jacksonelizabeth@hotmail.com,+1-304-317-8521x68150,Hansenbury,Australia,2023-04-20
242,Alan Davis,bsimmons@jackson.com,(379)183-8349x3998,Dixonfurt,Italy,2023-05-17
243,Frank Mueller,harrisonlauren@hotmail.com,001-413-786-6728x98648,Kevinland,Falkland Islands (Malvinas),2025-01-18
244,Helen Garcia,victoriacarter@brooks.com,(651)701-4145x33023,Douglasport,Dominica,2024-04-29
245,Christine Harris,sergiogillespie@sullivan.org,2821794718,Ninamouth,Georgia,2024-12-06
246,Sean Frazier,travisanthony@yahoo.com,220.187.4107x0663,Mathewsbury,Fiji,2024-03-19
247,Joseph Caldwell,laneangela@patrick.com,001-318-406-7156x80965,Port Jasonshire,Cook Islands,2024-09-03
248,David Rodriguez,masonbryan@hotmail.com,315.577.0636,Scottchester,Yemen,2024-07-15
249,Meghan Nelson,vincent63@gmail.com,475-721-9877,Port Williamhaven,Zimbabwe,2023-07-10
250,Laura Boyle,emilybrown@hotmail.com,001-415-946-6015x2731,West Joshuaview,Nepal,2024-12-03
251,Michael Travis,jasonjohnson@roach.info,001-481-085-4949,Carlside,Guyana,2024-10-07
252,Alicia Holden,vwoods@yu.com,927-935-6143x7279,North Virginiabury,Taiwan,2022-10-19
253,Richard Potter,joshua45@walker-walker.org,127-185-8662x602,Peterfort,Christmas Island,2024-12-21
254,Christine Gregory,william57@yahoo.com,+1-511-140-3678x181,Craigborough,Russian Federation,2023-05-12
255,Carol Williams,qmejia@miller-moody.com,141.959.3667x25798,Jamesland,Djibouti,2024-02-07
256,Stephanie Rivas,melissacasey@gmail.com,100.785.2682x8610,Thompsonfurt,Equatorial Guinea,2022-11-16
257,Gabriela Cline,paul56@davis.net,+1-640-768-2787x3277,North Cherylview,Saint Kitts and Nevis,2024-04-07
258,Lynn Roman,morenonicole@yahoo.com,212.420.6142x6085,North Morgan,Guernsey,2023-07-13
259,Jonathan Lowery,garciarachel@thompson.info,(391)128-5563x009,Popebury,French Southern Territories,2024-06-30
260,Luke Ellison,reedmisty@hotmail.com,976-144-0426x20341,Michaelchester,Italy,2024-07-21
261,Christine Coleman,nathanreid@hotmail.com,968-334-7749,East Valerieshire,Haiti,2024-01-26
262,Janet Smith,parkerrobert@yahoo.com,9690048678,Javierville,Somalia,2023-11-20
263,Jeremy Bauer,iholmes@johnson.com,(252)278-4277,South Cheryl,Korea,2025-03-05
264,Jose Everett,medinascott@yahoo.com,1567629258,Kimton,Zambia,2023-08-25
265,Justin Andrade,plittle@smith-henderson.com,001-989-748-7130x10372,Lake Scottmouth,Ireland,2025-06-28
266,Julie Morales,jharrell@houston-miller.com,+1-846-293-4774,West Kristinchester,Guam,2025-02-07
267,Michael Edwards,michealphillips@hotmail.com,+1-807-047-5463x433,Lake Brandon,Pitcairn Islands,2022-12-13
268,Lauren Poole,michaelhernandez@yahoo.com,001-515-906-9266x5963,Mariachester,Puerto Rico,2024-05-18
269,Christine Ramirez,hickmankevin@gonzalez.com,001-117-668-5805x081,Walterfurt,Malta,2025-01-15
270,Nancy Woods,donaldgibson@hotmail.com,001-033-856-4652x65230,Obrienberg,Greece,2024-10-21
271,Sarah Bruce,angelanewton@hotmail.com,(868)524-1315x3604,East Shannon,South Africa,2023-08-22
272,Mr. Craig Lopez DDS,ohicks@yahoo.com,949.593.6184,Port Brandonfurt,Ethiopia,2025-06-05
273,Victoria Holland,howard33@hotmail.com,922.174.2574x7110,Fuentesmouth,Guatemala,2022-11-25
274,Ernest Rhodes,ramirezmichael@nguyen.com,+1-713-082-2339x231,South Sandra,Bolivia,2023-01-26
275,Mary Gardner,hvargas@hotmail.com,(688)736-9504,Davidshire,Christmas Island,2023-07-18
276,Matthew Hammond,johnsondaniel@norris.biz,8438950661,Jonesland,Western Sahara,2024-04-01
277,Sylvia Martin,timothypierce@jennings.com,+1-135-147-3446x994,Morenoview,Venezuela,2023-04-02
278,Michael Bailey,montgomerylinda@perez-carlson.com,+1-712-788-4239,North Leonardbury,Montenegro,2025-04-17
279,Timothy Brown,huynhcatherine@yahoo.com,076.383.8241,North Ashley,Guyana,2024-05-01
280,Timothy Hahn,marvin08@gmail.com,(220)161-5016x47080,Brandyville,Morocco,2023-12-05
281,Mary Brown,samuelpalmer@gmail.com,(437)734-0734x64911,East Chelsea,Romania,2025-04-10
282,David Reyes,hnovak@bailey.com,035-310-6213,Pierceview,Croatia,2024-01-15
283,Stephanie Miller,moorecraig@mahoney.com,001-505-231-6342x61454,Fordtown,Uzbekistan,2024-05-09
284,Frank Smith,dbarnes@hotmail.com,(618)500-2315,South Robert,Croatia,2025-06-10
285,Barbara Wilkerson,acox@franklin-phillips.biz,(001)546-4836x96642,East Sean,Bahrain,2023-06-11
286,Christopher Mcdonald,tylersmith@yahoo.com,001-262-013-7630x7198,East Meganton,Kiribati,2023-04-13
287,Andrew Snyder,kathleen75@hotmail.com,837-400-1184,Lake Erica,Palau,2023-01-16
288,Patricia Ho,scottjared@smith.com,067-578-8455,Tammyhaven,Palestinian Territory,2022-12-14
289,Debra Carter,mcdanielmichael@gmail.com,001-795-056-8017x73001,Davidberg,Faroe Islands,2023-06-18
290,Michael Howard,tammielopez@yahoo.com,+1-188-102-9138x36011,Hendersonland,Liberia,2024-09-02
291,William Green,barnettaaron@hotmail.com,499-181-4970x3719,West Carolyn,Central African Republic,2024-11-28
292,Russell Reed,twolfe@jones-knapp.info,001-347-237-0034,Cherylland,Chile,2024-06-21
293,Wayne Taylor,michelle94@taylor.com,086.982.5519x6958,Brownville,Micronesia,2022-10-02
294,Joseph Clark,kimberlyhughes@hotmail.com,+1-440-958-0651x350,West Danastad,Namibia,2023-10-20
295,Debra Simon,yrowland@gmail.com,0920535628,Tylerland,Montenegro,2023-06-18
296,Russell Walker,daniel33@yahoo.com,+1-063-265-7442x37980,Stephaniechester,Afghanistan,2023-04-02
297,Larry Odom,fullerjanet@hotmail.com,(410)946-0975x0113,South Jamie,Palau,2023-03-08
298,Michaela Griffin,tiffanybrown@hotmail.com,001-338-824-3339x8292,Port Briana,New Caledonia,2024-04-18
299,Mark Butler,wellsrichard@bates-jones.info,367.532.3326x3544,Lake Nicholas,Lithuania,2023-05-02
300,Mr. Daniel Cuevas,riverajoseph@bryant-lee.com,792-934-6088x839,Prestonbury,Bolivia,2025-02-26
301,Jason Smith,lambjerry@gmail.com,(088)526-1222x039,New Karen,Uzbekistan,2024-05-18
302,Joseph Fernandez,kellerstacy@terry.com,+1-218-167-8561x1158,South Gregory,Honduras,2023-03-11
303,Jared Smith,bethrodriguez@smith.com,(167)589-3137x7003,Jonesstad,Libyan Arab Jamahiriya,2022-08-03
304,Erik Wilson,ngibbs@yahoo.com,+1-918-206-3114x0264,South Ronald,Belgium,2023-09-26
305,Lisa Clark,lwallace@vasquez-gonzalez.com,(390)687-3882x4406,New Annatown,Gambia,2023-08-09
306,Norma Higgins,tuckerkaren@yahoo.com,(900)066-4687,Burketown,Tanzania,2025-02-05
307,Kenneth Fernandez,jerry49@livingston.com,255-947-0509x2733,West Adammouth,Greenland,2024-02-18
308,Andrew Ellison,christopherallen@gmail.com,022-993-4526,Connerland,Mayotte,2025-06-24
309,Kenneth Sloan,adam90@shah.com,+1-992-911-7598x725,Miguelview,Cyprus,2023-03-22
310,Elizabeth Stevens DVM,ivan10@gmail.com,3143862178,Port Ashley,Oman,2024-03-17
311,Thomas Brady,andrea84@yahoo.com,782.505.6659,Davidburgh,Heard Island and McDonald Islands,2024-06-17
312,Carol Hines,robertwilliams@anderson.com,440.743.1121x6313,Lake Robert,Czech Republic,2024-01-29
313,Teresa Pratt,williamssamuel@hotmail.com,001-428-732-2122x240,East Bradley,Moldova,2022-08-30
314,Gary Scott,byork@parker-mitchell.com,003.945.7588x78590,Hugheston,Paraguay,2023-11-16
315,Juan Mathews,christopher24@yahoo.com,(806)026-5435x6773,Keithland,Mauritius,2023-04-25
316,Becky Tucker,morrisonwilliam@hotmail.com,+1-294-211-3666x5005,East Ashley,Marshall Islands,2023-02-28
317,Kyle Carney,jeff14@yahoo.com,+1-775-466-0950x43888,West Alexander,Congo,2022-07-26
318,John Petty,kristen99@young-anderson.com,723-676-9311,West Coreyburgh,Sweden,2024-09-01
319,James Bonilla,klin@douglas-smith.com,(675)807-3080x176,West Matthewchester,Mali,2024-07-01
320,Laura Smith,jbrown@yahoo.com,583-142-0082x8930,Haydenbury,Mauritania,2023-12-30
321,Susan Kline,cohenjames@nelson.com,066-545-6487x13868,Port Jackieland,Italy,2024-06-22
322,Wanda Miller,xsteele@hotmail.com,+1-578-696-3930x0526,Buchananfort,Costa Rica,2024-08-12
323,Adam Kemp,jeffreyobrien@eaton-jenkins.com,3413209547,Davidborough,Ukraine,2023-10-15
324,Judith Cochran,amymcneil@burns-fischer.biz,834-307-5194x3753,Allisonchester,Pakistan,2023-04-22
325,Timothy Maldonado,dustin11@yahoo.com,4063847805,Port Emilyton,Somalia,2025-04-13
326,Angela Brown,gary18@lozano-taylor.com,001-197-217-2381x11397,West Jasonfurt,Saint Barthelemy,2025-05-14
327,Dean Little,qrichardson@yahoo.com,001-962-090-2973x57794,Washingtonfort,San Marino,2024-04-17
328,Jamie Barrera,stacy28@hotmail.com,001-481-829-4593x15847,Brownchester,Saudi Arabia,2025-03-24
329,Tracy Proctor,samantha50@gmail.com,423.679.0141x197,South Edwardshire,Philippines,2025-04-01
330,Christina Dawson,rebecca25@hotmail.com,7838370610,Estesbury,Libyan Arab Jamahiriya,2023-04-22
331,Jenna Moore,mosleyseth@hotmail.com,+1-220-653-0290x72890,Wandaton,British Indian Ocean Territory (Chagos Archipelago),2022-08-09
332,Gregory Jones,ricky72@miller-hudson.com,+1-805-326-7821x2978,West Marthaport,Algeria,2022-08-17
333,Katherine Boone,lisabennett@hotmail.com,284-442-0020,Douglasport,Zimbabwe,2023-04-10
334,Ashley Brown,cherryvalerie@clark-coleman.com,+1-780-167-5567,Smithstad,Iceland,2022-09-02
335,Cathy Walton,angelaanthony@sanders-clark.com,+1-264-271-6101x254,Michaelburgh,Wallis and Futuna,2023-08-07
336,Chase Scott,tylermitchell@yahoo.com,(137)470-2051x863,West Danielland,Comoros,2025-06-20
337,Sally Tran PhD,francisevan@warren.com,+1-093-625-4548x3146,Emilyshire,Denmark,2025-02-15
338,Helen Scott,wmurphy@peterson.net,001-848-086-5206x3062,South Mathewtown,Lebanon,2024-05-25
339,Juan Deleon,jphillips@hamilton.com,152.761.5137x2564,Jeremyhaven,Slovenia,2023-11-30
340,Kristi Serrano,keith48@stafford.com,345-925-1438x3901,Reedport,Myanmar,2024-11-17
341,Robin Crawford,karen80@yahoo.com,350.165.8256,Lake Justin,Kenya,2025-06-27
342,Marie Frey,shannon28@moon.com,(008)995-8687,Jonton,Marshall Islands,2022-11-05
343,Todd Murray,harriscalvin@jimenez.com,(342)513-7402,Shawmouth,Cyprus,2025-03-09
344,Matthew Sellers,steven20@yahoo.com,+1-483-605-9525x784,Scottfurt,South Georgia and the South Sandwich Islands,2025-01-20
345,Jessica Cruz,fscott@gmail.com,(375)476-2190x398,West Patrick,Central African Republic,2023-09-22
346,Valerie Gill,hollowayjohn@hotmail.com,154-940-9079x8480,West Michael,Puerto Rico,2023-08-24
347,Kyle Barnes,xnichols@yahoo.com,982.753.4798x087,South Christina,Japan,2023-01-17
348,Danielle Brown,osmith@hotmail.com,817.969.0988x9752,Alexiston,Nauru,2023-09-22
349,Joshua Michael,alvarezrobert@hotmail.com,275.868.6066,Millerfort,Mayotte,2025-01-16
350,Jessica Cobb,stephenlyons@goodman.org,001-706-033-6272x0170,East Julietown,United States Virgin Islands,2024-12-05
351,Michael Turner,taylorcarroll@yahoo.com,(751)782-0064x87936,Michaelport,Pitcairn Islands,2025-02-15
352,Briana Wilson,salinassara@yahoo.com,563.472.3573x24974,Melendezfort,Lao People's Democratic Republic,2023-09-04
353,William Stevens,strongjustin@wright.com,673.723.1514,East Markview,Burundi,2022-07-26
354,Tina Hammond,pjames@anderson.com,001-437-280-5441,North Michaelbury,Greenland,2022-09-28
355,Susan Perkins,opaul@gmail.com,384-081-4118,North Michaelside,Sao Tome and Principe,2024-08-26
356,Amanda Harrison,bking@chavez-dawson.com,5193923837,Mariaport,United States Virgin Islands,2023-05-01
357,Russell Gibson,belldavid@glover-david.com,001-480-531-4697x6181,Whiteshire,Ghana,2024-04-30
358,Christopher Burke,mhoward@edwards.biz,815.658.9159,New Carrieland,New Zealand,2024-06-10
359,Justin Romero,cgordon@prince.com,(661)292-0370,North Scottville,Iceland,2025-06-23
360,Dennis Deleon,cchavez@espinoza.com,329.518.3063,Williamsburgh,Montenegro,2024-02-13
361,Laura Davidson,kramos@walton-dunlap.com,362-744-0410,East Caitlin,Sierra Leone,2023-08-10
362,John Morris,fparker@gmail.com,+1-530-017-7764x87461,Williamston,Northern Mariana Islands,2023-09-07
363,Joseph Roberts,donald07@wilcox-adkins.com,102-221-3149,New Sharon,Namibia,2024-10-04
364,Chelsea Gonzalez,brenda58@young.net,001-409-736-3753x5059,Oliverhaven,Bosnia and Herzegovina,2024-07-25
365,Robert Gardner,erica05@hotmail.com,(563)369-9501x58759,West Christopher,Haiti,2023-04-18
366,Rachel Carpenter,arussell@yahoo.com,788.387.0755,Frankside,Faroe Islands,2023-07-29
367,James Clark,reginald69@crawford.com,396-941-0811x50786,Patriciashire,Western Sahara,2024-01-30
368,Hannah Davis,joshua38@black-mason.net,152-137-3286x138,Jacquelineville,Costa Rica,2024-10-01
369,Jennifer Davis,ebonyalvarez@yahoo.com,502.236.0026x024,East Jeffrey,Liechtenstein,2023-03-17
370,Kara Rios,wclark@anderson.com,077-524-5927x86140,Marybury,Guam,2023-04-23
371,Jeffrey Jackson,millermark@hotmail.com,001-748-571-4072x2981,North Brianland,Guinea,2023-09-23
372,Darrell Lucas,hlawson@gmail.com,001-009-877-6101x631,New Katherine,Ukraine,2024-04-09
373,Cody Allen,nelsonbethany@rosales.com,(610)360-3256,New Christopher,Kazakhstan,2023-06-19
374,Joshua Wilson,thomaserin@yahoo.com,435-779-8017,Andersonfort,Hong Kong,2022-07-25
375,Autumn Pace,sandersholly@hotmail.com,430-050-8478,South Matthewshire,Greece,2024-12-24
376,Robert Davis,wgallegos@colon.com,+1-224-986-1529x41598,West Randy,Nigeria,2023-10-28
377,Johnny Smith,colemansherri@yahoo.com,+1-021-364-7469x041,New Jennifershire,Russian Federation,2022-11-03
378,Lauren Webb,pottsdiane@randall.biz,561.118.6100,Danielview,France,2023-09-21
379,Sarah Nicholson,krystal86@hotmail.com,845.747.4585x18164,East Victor,Iraq,2023-06-16
380,Alan Love,frank60@gmail.com,001-182-630-2623,Wolfestad,Northern Mariana Islands,2023-09-07
381,Karen Hughes,john02@yahoo.com,407-389-8193x05796,Huffmanmouth,Nicaragua,2023-08-08
382,Samuel Meza,perrydawn@brown-rasmussen.org,001-259-861-7089x81311,Haileyside,United Kingdom,2024-04-17
383,Morgan Peterson,nicholas81@carpenter-boyle.com,+1-967-714-4931x167,Singhside,Australia,2022-11-14
384,Aaron Wagner,nelsontiffany@hendrix.com,+1-027-666-9735,Nelsonshire,Norway,2024-08-20
385,Joshua Evans,coxgeorge@yahoo.com,001-559-899-6813x7345,Davidburgh,Korea,2024-01-30
386,Angela Hernandez,dylan64@holloway-newton.com,+1-120-525-7970x6460,North Melaniechester,Portugal,2023-09-27
387,Lindsey Mccoy,gsimmons@hotmail.com,088.094.2291x81563,West Stacyberg,El Salvador,2025-05-17
388,Amanda Murphy,hendersonmichele@mccoy-russell.com,374.338.1102x37673,West Jamesfurt,Switzerland,2024-03-06
389,Hector Pruitt,gardnerseth@yahoo.com,3852504214,Port Christopherstad,Slovenia,2025-06-08
390,Scott Petty,wbray@espinoza.com,001-744-979-7448x22839,New Mike,Isle of Man,2023-02-02
391,Diana Giles,susan65@valencia.com,645.083.5992x558,Veronicafurt,Suriname,2024-06-07
392,Mallory Schmidt,sharpjessica@walls.com,+1-838-069-4371,Williamston,Belarus,2025-04-19
393,Michael Welch,michael25@gmail.com,7840521367,Harrisshire,New Zealand,2024-11-15
394,Ricky Campbell,jeffrey48@hotmail.com,+1-543-576-9072x60658,Frederickburgh,Monaco,2024-10-08
395,Madison Kim,ksimpson@hotmail.com,581-833-0321x2985,New Cindy,South Africa,2025-06-03
396,Stephen Taylor,dayjoshua@yahoo.com,615-516-6822x801,Amyshire,Turkmenistan,2023-09-02
397,Makayla Johnson,zromero@mcgrath.com,(549)517-3341,East Scott,Turkey,2024-05-10
398,Richard Larsen,joshua58@harris-barajas.com,3957332295,Heatherside,Morocco,2024-06-18
399,Natalie Bryan,jillgonzalez@sanders.biz,+1-252-529-8582x6133,East Jamie,Macao,2022-08-08
400,Michael Villarreal,gellis@gmail.com,001-628-834-6211x3393,South Kaitlyn,Liberia,2024-06-21
401,Bradley Thomas,catherinecollins@house.info,472-650-2899,Wilsonton,Lesotho,2022-08-20
402,Kendra Rangel,reedmark@rocha-smith.net,001-810-930-0321x6352,Lake Anna,Denmark,2024-05-24
403,Thomas Parker,zarmstrong@yahoo.com,(488)178-5123,Caitlinborough,Northern Mariana Islands,2023-02-17
404,Paul Webb,snyderriley@jones-watts.com,+1-991-444-9625,Webbhaven,South Africa,2022-12-12
405,Meagan Fernandez,zacharymoore@grimes-oneill.org,0566772709,East Michaelburgh,Niue,2024-05-21
406,Cheyenne Ramsey,latoya73@gmail.com,(564)810-9242x82890,South Christianmouth,Colombia,2023-11-30
407,Nicolas Blair,zgalvan@sanchez-wade.com,001-545-819-0941x5333,Scottfort,Liberia,2022-10-24
408,Shelia Adams,jenniferalvarado@humphrey.com,(128)278-0942x927,Rileyburgh,Bahrain,2024-11-25
409,Daniel Wells,karen48@brown-dillon.info,776-674-6772,Palmerhaven,Hungary,2022-10-25
410,Nichole Lawrence,kenneth96@gmail.com,(729)347-1272x07051,West Frederickshire,Oman,2025-02-06
411,Taylor Roberts,richard49@gmail.com,575.828.5825,Samanthafort,Guernsey,2022-12-09
412,Elizabeth Johnson,douglas90@yahoo.com,(720)302-8436x8897,Port Daniel,Guyana,2023-06-10
413,Joel Park,johnclark@yahoo.com,+1-091-410-4963x720,New Jennifertown,Bolivia,2024-05-06
414,Michael Williams Jr.,uparker@stewart.info,829.953.4764x5379,Valentineport,Mayotte,2024-08-17
415,Lisa Carroll,kristen62@yahoo.com,(742)669-4670,East Tracy,Maldives,2022-11-01
416,Kimberly Gomez,lopezkimberly@young.biz,+1-304-723-3309x33796,New Bruce,Eritrea,2023-09-17
417,Carrie Miles,erinherrera@gmail.com,446.929.5842,New Tinabury,Jersey,2023-08-01
418,Samantha Hull,melissa65@werner.com,(762)456-3151x2265,New Jamie,United Arab Emirates,2023-05-18
419,Kelsey Jackson,lsmith@gilbert.org,(327)446-1394x053,Lake Davidborough,Indonesia,2025-05-20
420,Amy Kaufman,handerson@hotmail.com,(825)804-5750x7780,Georgeview,Guadeloupe,2022-07-29
421,Jose Russell,shelly81@gmail.com,001-877-247-3911x308,West Vicki,Gambia,2024-04-25
422,Teresa Wagner,hughesjohn@hotmail.com,493.227.5008x99416,North Randy,Malaysia,2025-02-20
423,John Miles,greenanthony@reese-sullivan.com,991.922.2019,New Erin,Northern Mariana Islands,2024-01-05
424,Claudia Phillips,hugheshannah@gmail.com,+1-031-496-8088x164,West James,Suriname,2023-11-30
425,Thomas Thompson,collin41@gmail.com,859.674.6328,Fernandezshire,Korea,2022-10-13
426,Willie Ware,rodriguezamber@dean.com,001-848-425-5892x547,Jacktown,Ethiopia,2024-01-23
427,Matthew Padilla,jlarson@fisher.com,+1-306-682-8923x3931,Osbornstad,Mexico,2023-03-28
428,Timothy Smith MD,wadeapril@sanders-lawson.com,(704)224-5026x24558,Michaelberg,British Virgin Islands,2023-04-05
429,Christopher Mitchell,karen64@randolph.com,3269296737,Lake Brianbury,San Marino,2024-02-16
430,Tony Anderson,vpalmer@walker-robertson.org,751.867.7219,Martinland,Nepal,2025-01-21
431,Bryan Ward,brownmiguel@lawrence.com,241-333-7075,Corybury,Dominican Republic,2024-03-14
432,Jeanne Martinez,jamie38@gonzalez-smith.com,8823009246,Thomasborough,El Salvador,2023-03-09
433,Timothy Harris,garrett44@bailey.org,886-891-7112x3307,East Denise,Guyana,2024-08-19
434,Melinda Shah,natalie70@yahoo.com,140.584.0292x21012,South Dana,Saint Pierre and Miquelon,2024-05-15
435,Kelly Fletcher,angelamarshall@fletcher.com,(347)194-0908x757,Danielport,Falkland Islands (Malvinas),2024-10-06
436,Shannon Brown,palmerelizabeth@hotmail.com,(274)339-5634x407,New Dawn,Barbados,2022-09-14
437,Alexa Nelson,mikayla45@harris.com,001-895-730-8287x77716,Popefurt,British Virgin Islands,2022-12-14
438,Rhonda Franklin,opena@gmail.com,(257)649-3868x80936,Diamondview,Chad,2025-06-21
439,Autumn Thomas,james40@hotmail.com,774.265.8573,Cooperchester,Kenya,2024-12-18
440,James Proctor,joshualam@johnson.com,878-447-4910x07374,New Christine,Botswana,2024-08-10
441,Raymond Quinn,stacy77@brown.biz,+1-042-670-4879x47446,Danielshaven,Barbados,2023-07-02
442,Angela Franklin,edwinglover@hotmail.com,067-708-5637x519,Scottfort,Slovenia,2023-03-06
443,Dennis Ward,turnerjustin@murray-moore.info,(116)239-1590x792,Cherylstad,Iraq,2024-03-16
444,Meredith Diaz,colleen40@mcmillan.com,196.438.3259,West Ernestside,Cote d'Ivoire,2023-03-13
445,Sarah Fischer,reginald53@henderson.com,+1-008-668-0470,Kerrmouth,Finland,2023-11-17
446,Mitchell Garcia,connie13@shelton.org,3796707214,Masonburgh,Canada,2023-08-14
447,William Ruiz,david70@yang.biz,(344)050-5804x55543,South Joan,Djibouti,2023-11-30
448,Samuel Wilcox,christopher39@hotmail.com,+1-804-928-5356,Goodwinbury,Romania,2024-07-19
449,Sarah Lucas,colemankyle@williams-logan.com,001-310-392-7772x3943,Bradleyville,Greece,2024-09-14
450,Stephen Anderson,christopherdavidson@kramer-davis.org,541-384-1287,Bowmanside,French Polynesia,2025-03-18
451,Susan Villarreal,amy68@yahoo.com,001-220-521-6794,Heatherview,Suriname,2025-04-02
452,Karen Ware,pwalker@gmail.com,001-494-167-8411x488,Port Amy,Solomon Islands,2024-09-06
453,Faith Garcia,kelleyjohn@yahoo.com,+1-896-021-4232x349,Russellview,South Georgia and the South Sandwich Islands,2025-01-31
454,Wendy Aguilar,jilltrevino@yahoo.com,+1-819-491-8035x1017,Michellebury,American Samoa,2024-09-12
455,James Jimenez,amynoble@figueroa-hopkins.net,+1-753-546-5649,Port Tyler,Hungary,2025-02-25
456,Brian Dodson,fryejonathan@stone.com,001-436-994-9568x847,North Jamiebury,Saint Kitts and Nevis,2025-05-24
457,Christopher Ashley,richard27@nguyen.com,869-228-8950x571,Davismouth,El Salvador,2025-01-11
458,Ronald Arias,maria80@gmail.com,001-470-627-6164x13719,Stephenville,Bangladesh,2023-06-18
459,Kathryn Martin,scottaaron@hotmail.com,(233)925-2609x80873,Rojasland,Djibouti,2024-06-27
460,Brandon Young,christopherstephens@hotmail.com,(864)470-2235x2630,South Victoria,Spain,2022-09-07
461,Joshua Sellers,johngarcia@yahoo.com,+1-766-933-6819x0699,Chadfurt,Iceland,2025-02-24
462,Maria Williams,david94@yahoo.com,967.352.3524x547,Port Troy,Vanuatu,2022-11-15
463,Daniel Edwards,michaelday@patterson.org,548-849-8009x62116,Martinezbury,Isle of Man,2025-04-07
464,Cynthia Ferrell,wendyrios@yahoo.com,+1-202-303-5788,Garciafort,Barbados,2025-03-20
465,Gabrielle Miller,amanda31@bird-henderson.com,329.462.9693,Petersenbury,Myanmar,2024-06-26
466,Daniel Rodriguez,rileyangela@cruz-chaney.com,(576)269-6657,East Jenniferport,Qatar,2023-09-28
467,Eric Johnson,shellysimpson@baker.org,499-366-0881,West Nicole,Uruguay,2023-01-04
468,Sheila Bauer,pittschristina@gregory.biz,998-644-0084,North Holly,Mongolia,2023-09-24
469,Anthony Mills,ecarr@hunt-ware.com,(654)920-9582,Kingbury,Guam,2022-11-18
470,Veronica Cabrera,bowmanpamela@evans-henson.net,811.779.8991,Drewshire,Venezuela,2024-03-30
471,Jade Tucker,eestrada@gmail.com,259.110.3144,Emilyland,Antigua and Barbuda,2022-08-19
472,Melissa Le,johnsnicole@yahoo.com,7675586116,North Jeanette,Tonga,2025-03-16
473,Daniel Deleon,rogersallen@brown.com,1226487561,Longton,Luxembourg,2023-12-28
474,Brittany Hamilton,sharonarroyo@stanton.net,207-623-4483x999,New Benjaminchester,Saint Pierre and Miquelon,2022-07-27
475,Kelsey Fleming,robert42@gmail.com,(946)248-2760x52430,New Michelle,Estonia,2023-04-29
476,Kimberly Valencia,garciahayley@daniels-osborn.com,+1-967-154-6023x508,New David,Mozambique,2023-08-14
477,Paul Spencer,freemanisabella@jenkins.com,869.015.6572,Donnaside,Switzerland,2024-12-18
478,Troy Hawkins,carlos66@yahoo.com,6555519030,New Richard,Dominican Republic,2024-12-14
479,Stephanie Mitchell,vancejared@yahoo.com,(516)212-4652,Marvinfort,Jamaica,2025-04-16
480,Sydney Townsend,zachary16@macdonald.net,001-386-745-5214x3449,New Larrystad,British Virgin Islands,2023-08-16
481,Edward Collins,hobbsmichael@gmail.com,665.655.1823,Ericaland,Saint Lucia,2024-09-14
482,Kathleen Smith,crystallynch@calderon-copeland.com,001-064-886-0740x90392,New Erica,Gambia,2024-07-07
483,Cameron Sanders,jessica91@hotmail.com,911.580.1217x4247,Joshuafort,Canada,2022-12-03
484,Tracey Brown,kyleodonnell@hotmail.com,323.320.6565x604,Chadfurt,United Arab Emirates,2023-01-09
485,Patrick Hahn,sjefferson@saunders-jenkins.biz,192.658.9620x14214,Juanchester,Guam,2025-02-16
486,Andre Thompson,erika10@hotmail.com,001-529-613-8714x32327,Kathyfurt,Saint Barthelemy,2025-03-15
487,Melanie Smith,thomasdanielle@hotmail.com,+1-794-522-9938x01148,Port Richardborough,Barbados,2024-09-21
488,Logan Murray,rterry@hotmail.com,5543502815,Port Brenda,Guam,2023-11-09
489,Emma Lowe,esimon@hotmail.com,438.099.0939x67918,Hillport,Zimbabwe,2022-12-06
490,Tracy Williams,jonessean@hotmail.com,001-802-488-7311x4567,East Jeffery,Oman,2022-10-18
491,Kenneth Hardin,rruiz@hunter.com,312.899.0527,North Savannah,Algeria,2023-04-24
492,Brittney Murphy,justin71@yahoo.com,001-056-370-6582x670,Cameronton,Belarus,2022-08-22
493,Gloria Austin,anthony12@hotmail.com,198.422.1948x719,Victorview,Northern Mariana Islands,2025-06-18
494,Christine Ballard,brian20@cole.info,446.723.9284x3973,South Matthew,Somalia,2023-01-18
495,Michael Huffman,elizabeth13@tapia.net,2180082925,North Lauraside,Kenya,2025-04-23
496,James Marks,lisa82@hayden.com,+1-982-756-5215x5882,East Rebecca,Western Sahara,2023-09-27
497,Michelle Burns,tinamclaughlin@lewis-sullivan.com,(853)930-9555,Chenchester,Mexico,2023-11-11
498,Kendra Moreno,jacquelinecruz@green.net,001-979-637-2570x53930,Saraside,Saint Kitts and Nevis,2024-10-02
499,Miranda Curtis,john83@gmail.com,(957)615-0751x4888,Duranchester,Belgium,2024-10-15
500,Laura Collins,rodriguezjustin@yahoo.com,(067)617-9947x1740,South Joseph,Italy,2022-08-30
